Workbook

Sheet Fidelity
A1: Date | B1: Consumer_Staples | C1: Energy | D1: Financials | E1: Health_Care | F1: Information_Technology | G1: Utilities
A2: 44197
A3: 44228 | B3: =(('Source Data'!B3/'Source Data'!B2)/('Source Data'!$H3/'Source Data'!$H2)-1)*100 -> 7.9945763 | C3: =(('Source Data'!C3/'Source Data'!C2)/('Source Data'!$H3/'Source Data'!$H2)-1)*100 -> 0.58180361 | D3: =(('Source Data'!D3/'Source Data'!D2)/('Source Data'!$H3/'Source Data'!$H2)-1)*100 -> 6.0668811 | E3: =(('Source Data'!E3/'Source Data'!E2)/('Source Data'!$H3/'Source Data'!$H2)-1)*100 -> -0.30040238 | F3: =(('Source Data'!F3/'Source Data'!F2)/('Source Data'!$H3/'Source Data'!$H2)-1)*100 -> -0.76837261 | G3: =(('Source Data'!G3/'Source Data'!G2)/('Source Data'!$H3/'Source Data'!$H2)-1)*100 -> 8.1402888
A4: 44256 | B4: =(('Source Data'!B4/'Source Data'!B3)/('Source Data'!$H4/'Source Data'!$H3)-1)*100 -> -3.2235772 | C4: =(('Source Data'!C4/'Source Data'!C3)/('Source Data'!$H4/'Source Data'!$H3)-1)*100 -> -0.6660969 | D4: =(('Source Data'!D4/'Source Data'!D3)/('Source Data'!$H4/'Source Data'!$H3)-1)*100 -> 5.5157543 | E4: =(('Source Data'!E4/'Source Data'!E3)/('Source Data'!$H4/'Source Data'!$H3)-1)*100 -> 0.9600568 | F4: =(('Source Data'!F4/'Source Data'!F3)/('Source Data'!$H4/'Source Data'!$H3)-1)*100 -> -3.3500583 | G4: =(('Source Data'!G4/'Source Data'!G3)/('Source Data'!$H4/'Source Data'!$H3)-1)*100 -> 3.0357631
A5: 44287 | B5: =(('Source Data'!B5/'Source Data'!B4)/('Source Data'!$H5/'Source Data'!$H4)-1)*100 -> 10.279564 | C5: =(('Source Data'!C5/'Source Data'!C4)/('Source Data'!$H5/'Source Data'!$H4)-1)*100 -> 6.7613439 | D5: =(('Source Data'!D5/'Source Data'!D4)/('Source Data'!$H5/'Source Data'!$H4)-1)*100 -> 2.6437608 | E5: =(('Source Data'!E5/'Source Data'!E4)/('Source Data'!$H5/'Source Data'!$H4)-1)*100 -> 4.4940807 | F5: =(('Source Data'!F5/'Source Data'!F4)/('Source Data'!$H5/'Source Data'!$H4)-1)*100 -> 9.6121492 | G5: =(('Source Data'!G5/'Source Data'!G4)/('Source Data'!$H5/'Source Data'!$H4)-1)*100 -> -4.1381636
A6: 44317 | B6: =(('Source Data'!B6/'Source Data'!B5)/('Source Data'!$H6/'Source Data'!$H5)-1)*100 -> -1.4359836 | C6: =(('Source Data'!C6/'Source Data'!C5)/('Source Data'!$H6/'Source Data'!$H5)-1)*100 -> 3.8469089 | D6: =(('Source Data'!D6/'Source Data'!D5)/('Source Data'!$H6/'Source Data'!$H5)-1)*100 -> -4.7509066 | E6: =(('Source Data'!E6/'Source Data'!E5)/('Source Data'!$H6/'Source Data'!$H5)-1)*100 -> 2.2274071 | F6: =(('Source Data'!F6/'Source Data'!F5)/('Source Data'!$H6/'Source Data'!$H5)-1)*100 -> 6.1350549 | G6: =(('Source Data'!G6/'Source Data'!G5)/('Source Data'!$H6/'Source Data'!$H5)-1)*100 -> -1.5994507
A7: 44348 | B7: =(('Source Data'!B7/'Source Data'!B6)/('Source Data'!$H7/'Source Data'!$H6)-1)*100 -> 1.0511336 | C7: =(('Source Data'!C7/'Source Data'!C6)/('Source Data'!$H7/'Source Data'!$H6)-1)*100 -> -9.1860311 | D7: =(('Source Data'!D7/'Source Data'!D6)/('Source Data'!$H7/'Source Data'!$H6)-1)*100 -> -0.87896882 | E7: =(('Source Data'!E7/'Source Data'!E6)/('Source Data'!$H7/'Source Data'!$H6)-1)*100 -> 0.35232584 | F7: =(('Source Data'!F7/'Source Data'!F6)/('Source Data'!$H7/'Source Data'!$H6)-1)*100 -> 1.3872741 | G7: =(('Source Data'!G7/'Source Data'!G6)/('Source Data'!$H7/'Source Data'!$H6)-1)*100 -> 1.7338513
A8: 44378 | B8: =(('Source Data'!B8/'Source Data'!B7)/('Source Data'!$H8/'Source Data'!$H7)-1)*100 -> -0.081559212 | C8: =(('Source Data'!C8/'Source Data'!C7)/('Source Data'!$H8/'Source Data'!$H7)-1)*100 -> -0.64274051 | D8: =(('Source Data'!D8/'Source Data'!D7)/('Source Data'!$H8/'Source Data'!$H7)-1)*100 -> 4.6290677 | E8: =(('Source Data'!E8/'Source Data'!E7)/('Source Data'!$H8/'Source Data'!$H7)-1)*100 -> 2.4797972 | F8: =(('Source Data'!F8/'Source Data'!F7)/('Source Data'!$H8/'Source Data'!$H7)-1)*100 -> 2.688023 | G8: =(('Source Data'!G8/'Source Data'!G7)/('Source Data'!$H8/'Source Data'!$H7)-1)*100 -> 3.6257264
A9: 44409 | B9: =(('Source Data'!B9/'Source Data'!B8)/('Source Data'!$H9/'Source Data'!$H8)-1)*100 -> -4.3750692 | C9: =(('Source Data'!C9/'Source Data'!C8)/('Source Data'!$H9/'Source Data'!$H8)-1)*100 -> 11.195616 | D9: =(('Source Data'!D9/'Source Data'!D8)/('Source Data'!$H9/'Source Data'!$H8)-1)*100 -> -1.8071254 | E9: =(('Source Data'!E9/'Source Data'!E8)/('Source Data'!$H9/'Source Data'!$H8)-1)*100 -> -4.9456648 | F9: =(('Source Data'!F9/'Source Data'!F8)/('Source Data'!$H9/'Source Data'!$H8)-1)*100 -> -5.02759 | G9: =(('Source Data'!G9/'Source Data'!G8)/('Source Data'!$H9/'Source Data'!$H8)-1)*100 -> -5.4712397
A10: 44440 | B10: =(('Source Data'!B10/'Source Data'!B9)/('Source Data'!$H10/'Source Data'!$H9)-1)*100 -> 1.2076026 | C10: =(('Source Data'!C10/'Source Data'!C9)/('Source Data'!$H10/'Source Data'!$H9)-1)*100 -> 8.7842209 | D10: =(('Source Data'!D10/'Source Data'!D9)/('Source Data'!$H10/'Source Data'!$H9)-1)*100 -> 5.5119212 | E10: =(('Source Data'!E10/'Source Data'!E9)/('Source Data'!$H10/'Source Data'!$H9)-1)*100 -> 4.4731144 | F10: =(('Source Data'!F10/'Source Data'!F9)/('Source Data'!$H10/'Source Data'!$H9)-1)*100 -> 7.6429689 | G10: =(('Source Data'!G10/'Source Data'!G9)/('Source Data'!$H10/'Source Data'!$H9)-1)*100 -> 5.8562847
A11: 44470 | B11: =(('Source Data'!B11/'Source Data'!B10)/('Source Data'!$H11/'Source Data'!$H10)-1)*100 -> -3.8181299 | C11: =(('Source Data'!C11/'Source Data'!C10)/('Source Data'!$H11/'Source Data'!$H10)-1)*100 -> -6.4178927 | D11: =(('Source Data'!D11/'Source Data'!D10)/('Source Data'!$H11/'Source Data'!$H10)-1)*100 -> -7.3181307 | E11: =(('Source Data'!E11/'Source Data'!E10)/('Source Data'!$H11/'Source Data'!$H10)-1)*100 -> -7.4327342 | F11: =(('Source Data'!F11/'Source Data'!F10)/('Source Data'!$H11/'Source Data'!$H10)-1)*100 -> -0.019302445 | G11: =(('Source Data'!G11/'Source Data'!G10)/('Source Data'!$H11/'Source Data'!$H10)-1)*100 -> -1.8528841
A12: 44501 | B12: =(('Source Data'!B12/'Source Data'!B11)/('Source Data'!$H12/'Source Data'!$H11)-1)*100 -> 4.0810662 | C12: =(('Source Data'!C12/'Source Data'!C11)/('Source Data'!$H12/'Source Data'!$H11)-1)*100 -> 2.137629 | D12: =(('Source Data'!D12/'Source Data'!D11)/('Source Data'!$H12/'Source Data'!$H11)-1)*100 -> -0.043958757 | E12: =(('Source Data'!E12/'Source Data'!E11)/('Source Data'!$H12/'Source Data'!$H11)-1)*100 -> -0.14490687 | F12: =(('Source Data'!F12/'Source Data'!F11)/('Source Data'!$H12/'Source Data'!$H11)-1)*100 -> -5.4574981 | G12: =(('Source Data'!G12/'Source Data'!G11)/('Source Data'!$H12/'Source Data'!$H11)-1)*100 -> 5.2065715
A13: 44531 | B13: =(('Source Data'!B13/'Source Data'!B12)/('Source Data'!$H13/'Source Data'!$H12)-1)*100 -> 11.126804 | C13: =(('Source Data'!C13/'Source Data'!C12)/('Source Data'!$H13/'Source Data'!$H12)-1)*100 -> 18.333053 | D13: =(('Source Data'!D13/'Source Data'!D12)/('Source Data'!$H13/'Source Data'!$H12)-1)*100 -> 8.7958157 | E13: =(('Source Data'!E13/'Source Data'!E12)/('Source Data'!$H13/'Source Data'!$H12)-1)*100 -> -3.1853437 | F13: =(('Source Data'!F13/'Source Data'!F12)/('Source Data'!$H13/'Source Data'!$H12)-1)*100 -> 1.5669316 | G13: =(('Source Data'!G13/'Source Data'!G12)/('Source Data'!$H13/'Source Data'!$H12)-1)*100 -> -0.50796496
A14: 44562 | B14: =(('Source Data'!B14/'Source Data'!B13)/('Source Data'!$H14/'Source Data'!$H13)-1)*100 -> -1.8823974 | C14: =(('Source Data'!C14/'Source Data'!C13)/('Source Data'!$H14/'Source Data'!$H13)-1)*100 -> 7.2753574 | D14: =(('Source Data'!D14/'Source Data'!D13)/('Source Data'!$H14/'Source Data'!$H13)-1)*100 -> -2.2090103 | E14: =(('Source Data'!E14/'Source Data'!E13)/('Source Data'!$H14/'Source Data'!$H13)-1)*100 -> 0.18863187 | F14: =(('Source Data'!F14/'Source Data'!F13)/('Source Data'!$H14/'Source Data'!$H13)-1)*100 -> -5.8572115 | G14: =(('Source Data'!G14/'Source Data'!G13)/('Source Data'!$H14/'Source Data'!$H13)-1)*100 -> -1.989023
... A60: 45962 | B60: =(('Source Data'!B60/'Source Data'!B59)/('Source Data'!$H60/'Source Data'!$H59)-1)*100 -> -2.9051858 | C60: =(('Source Data'!C60/'Source Data'!C59)/('Source Data'!$H60/'Source Data'!$H59)-1)*100 -> 0.16764195 | D60: =(('Source Data'!D60/'Source Data'!D59)/('Source Data'!$H60/'Source Data'!$H59)-1)*100 -> -0.40966433 | E60: =(('Source Data'!E60/'Source Data'!E59)/('Source Data'!$H60/'Source Data'!$H59)-1)*100 -> -9.0735538 | F60: =(('Source Data'!F60/'Source Data'!F59)/('Source Data'!$H60/'Source Data'!$H59)-1)*100 -> 16.297468 | G60: =(('Source Data'!G60/'Source Data'!G59)/('Source Data'!$H60/'Source Data'!$H59)-1)*100 -> -7.2570313

Sheet Source Data
A1: Date | B1: Consumer_Staples | C1: Energy | D1: Financials | E1: Health_Care | F1: Information_Technology | G1: Utilities | H1: CPI
A2: 44197 | B2: 53.77 | C2: 26.27 | D2: 6.6 | E2: 17.25 | F2: 15.27 | G2: 60.07 | H2: 263.014
A3: 44228 | B3: 58.48 | C3: 26.61 | D3: 7.05 | E3: 17.32 | F3: 15.26 | G3: 65.42 | H3: 264.877
A4: 44256 | B4: 57.06 | C4: 26.65 | D4: 7.5 | E4: 17.63 | F4: 14.87 | G4: 67.96 | H4: 267.054
A5: 44287 | B5: 63.43 | C5: 28.68 | D5: 7.76 | E5: 18.57 | F5: 16.43 | G5: 65.67 | H5: 269.195
A6: 44317 | B6: 63.1 | C6: 30.06 | D6: 7.46 | E6: 19.16 | F6: 17.6 | G6: 65.22 | H6: 271.696
A7: 44348 | B7: 64.07 | C7: 27.43 | D7: 7.43 | E7: 19.32 | F7: 17.93 | G7: 66.67 | H7: 273.003
A8: 44378 | B8: 64.15 | C8: 27.31 | D8: 7.79 | E8: 19.84 | F8: 18.45 | G8: 69.23 | H8: 273.567
A9: 44409 | B9: 61.51 | C9: 30.45 | D9: 7.67 | E9: 18.91 | F9: 17.57 | G9: 65.62 | H9: 274.31
A10: 44440 | B10: 62.77 | C10: 33.4 | D10: 8.16 | E10: 19.92 | F10: 19.07 | G10: 70.04 | H10: 276.589
A11: 44470 | B11: 60.67 | C11: 31.41 | D11: 7.6 | E11: 18.53 | F11: 19.16 | G11: 69.08 | H11: 277.948
A12: 44501 | B12: 63.34 | C12: 32.18 | D12: 7.62 | E12: 18.56 | F12: 18.17 | G12: 72.9 | H12: 278.802
A13: 44531 | B13: 70.98 | C13: 38.4 | D13: 8.36 | E13: 18.12 | F13: 18.61 | G13: 73.14 | H13: 281.148
... A60: 45962 | B60: 83.22 | C60: 61.26 | D60: 14.58 | E60: 24.75 | F60: 41.39 | G60: 125.65 | H60: 324.054
A62: Source: Fidelity_Adjusted_Closing_Prices.xlsx (adjusted closing prices and CPI, Jan 2021-Nov 2025). Oct 2025 CPI overridden to 325.604 per assignment instructions.
